10004452683175495525762#AC30#AC31#AC30;AC31;05510663;1;4723384;20240223060826641;R;13;9;129;12;;300223;20240223062009771;axifbatch;20240223062009771;axifbatch;1;1;HOYA;;;;6.21;;;;;;;;;;;;;;;;;;;;;;;;;;;;;;;;;;;;;;;;;;;;;;;;;;;THD5F;FC
10004452683175495525762#AC30#AC31#AC30;AC31;05510663;1;4723384;20240223060826999;L;13;9;117;12;;300223;20240223062009771;axifbatch;20240223062009771;axifbatch;1;1;HOYA;;;;6.21;;;;;;;;;;;;;;;;;;;;;;;;;;;;;;;;;;;;;;;;;;;;;;;;;;;THD5F;FC
10004452683175495525762#AC30#AC31#AC30;AC31;05511663;1;4724054;20240223060900366;R;13;9;129;12;;306988;20240223062009771;axifbatch;20240223062009771;axifbatch;1;1;HOYA;;;;6.17;;;;;;;;;;;;;;;;;;;;;;;;;;;;;;;;;;;;;;;;;;;;;;;;;;;THD5F;UVC
10004452683175495525762#AC30#AC31#AC30;AC31;05511663;1;4724054;20240223060900366;L;13;9;129;12;;306988;20240223062009771;axifbatch;20240223062009771;axifbatch;1;1;HOYA;;;;6.17;;;;;;;;;;;;;;;;;;;;;;;;;;;;;;;;;;;;;;;;;;;;;;;;;;;THD5F;UVC
10004452683175495525762#AC30#AC31#AC30;AC31;05511605;1;4724013;20240223060931731;R;13;14;;;;306570;20240223062009771;axifbatch;20240223062009771;axifbatch;;1;HOYA;;;;3.52;109;116;122;;;;;;;;;;;;;;;;;;;;;;;;;;;;;;;;;;;;;;;;;;;;;;;;THD5F;FC
10004452683175495525762#AC30#AC31#AC30;AC31;05511605;1;4724013;20240223060931731;L;13;14;;;;306570;20240223062009771;axifbatch;20240223062009771;axifbatch;;1;HOYA;;;;3.52;109;116;122;;;;;;;;;;;;;;;;;;;;;;;;;;;;;;;;;;;;;;;;;;;;;;;;THD5F;FC
10004452683175495525762#AC30#AC31#AC30;AC31;05509735;1;4722700;20240223061140834;L;17;18;;;;293315;20240223062009771;axifbatch;20240223062009771;axifbatch;;1;HOYA;;;;0.12;149;155;;;;;;;;;;;;;;;;;;;;;;;;;;;;;;;;;;;;;;;;;;;;;;;;;;
10004452683175495525762#AC30#AC31#AC30;AC31;05509735;1;4722700;20240223061140834;L;18;;;;;293315;20240223062009771;axifbatch;20240223062009771;axifbatch;;1;HOYA;;;;0.00;156;157;162;;;;;;;;;;;;;;;;;;;;;;;;;;;;;;;;;;;;;;;;;;;;;;;;;
10004452683175495525762#AC30#AC31#AC30;AC31;05510773;1;4723459;20240223061150346;R;18;;;;;300971;20240223062009771;axifbatch;20240223062009771;axifbatch;;1;HOYA;;;;0.00;156;157;162;;;;;;;;;;;;;;;;;;;;;;;;;;;;;;;;;;;;;;;;;;;;;;;;;
10004452683175495525762#AC30#AC31#AC30;AC31;05510773;1;4723459;20240223061150358;L;18;;;;;300971;20240223062009771;axifbatch;20240223062009771;axifbatch;;1;HOYA;;;;0.00;156;157;162;;;;;;;;;;;;;;;;;;;;;;;;;;;;;;;;;;;;;;;;;;;;;;;;;
10004452683175495525762#AC30#AC31#AC30;AC31;05509108;1;4722187;20240223061151547;R;17;18;;;;288090;20240223062009771;axifbatch;20240223062009771;axifbatch;;1;HOYA;;;;0.12;149;155;;;;;;;;;;;;;;;;;;;;;;;;;;;;;;;;;;;;;;;;;;;;;;;;;;
10004452683175495525762#AC30#AC31#AC30;AC31;05509108;1;4722187;20240223061151559;L;17;18;;;;288090;20240223062009771;axifbatch;20240223062009771;axifbatch;;1;HOYA;;;;0.12;149;155;;;;;;;;;;;;;;;;;;;;;;;;;;;;;;;;;;;;;;;;;;;;;;;;;;
10004452683175495525762#AC30#AC31#AC30;AC31;05509108;1;4722187;20240223061151547;R;18;;;;;288090;20240223062009771;axifbatch;20240223062009771;axifbatch;;1;HOYA;;;;0.00;156;157;162;;;;;;;;;;;;;;;;;;;;;;;;;;;;;;;;;;;;;;;;;;;;;;;;;
10004452683175495525762#AC30#AC31#AC30;AC31;05509108;1;4722187;20240223061151559;L;18;;;;;288090;20240223062009771;axifbatch;20240223062009771;axifbatch;;1;HOYA;;;;0.00;156;157;162;;;;;;;;;;;;;;;;;;;;;;;;;;;;;;;;;;;;;;;;;;;;;;;;;
10004452683175495525762#AC30#AC31#AC30;AC31;05511598;1;4724006;20240223061201671;R;17;18;;;;306504;20240223062009771;axifbatch;20240223062009771;axifbatch;;1;HOYA;;;;0.12;149;155;;;;;;;;;;;;;;;;;;;;;;;;;;;;;;;;;;;;;;;;;;;;;;;;;HCE5F;UVC
10004452683175495525762#AC30#AC31#AC30;AC31;05511598;1;4724006;20240223061201683;L;17;18;;;;306504;20240223062009771;axifbatch;20240223062009771;axifbatch;;1;HOYA;;;;0.12;149;155;;;;;;;;;;;;;;;;;;;;;;;;;;;;;;;;;;;;;;;;;;;;;;;;;HCE5F;UVC
10004452683175495525762#AC30#AC31#AC30;AC31;05511598;1;4724006;20240223061201671;R;18;;;;;306504;20240223062009771;axifbatch;20240223062009771;axifbatch;;1;HOYA;;;;0.00;156;157;162;;;;;;;;;;;;;;;;;;;;;;;;;;;;;;;;;;;;;;;;;;;;;;;;;
10004452683175495525762#AC30#AC31#AC30;AC31;05511598;1;4724006;20240223061201683;L;18;;;;;306504;20240223062009771;axifbatch;20240223062009771;axifbatch;;1;HOYA;;;;0.00;156;157;162;;;;;;;;;;;;;;;;;;;;;;;;;;;;;;;;;;;;;;;;;;;;;;;;;
10004452683175495525762#AC30#AC31#AC30;AC31;05509052;1;4722141;20240223061212339;R;17;18;;;;287639;20240223062009771;axifbatch;20240223062009771;axifbatch;;1;HOYA;;;;0.13;149;155;;;;;;;;;;;;;;;;;;;;;;;;;;;;;;;;;;;;;;;;;;;;;;;;;;
10004452683175495525762#AC30#AC31#AC30;AC31;05509052;1;4722141;20240223061212351;L;17;18;;;;287639;20240223062009771;axifbatch;20240223062009771;axifbatch;;1;HOYA;;;;0.13;149;155;;;;;;;;;;;;;;;;;;;;;;;;;;;;;;;;;;;;;;;;;;;;;;;;;;
10004452683175495525762#AC30#AC31#AC30;AC31;05509052;1;4722141;20240223061212339;R;18;;;;;287639;20240223062009771;axifbatch;20240223062009771;axifbatch;;1;HOYA;;;;0.00;156;157;162;;;;;;;;;;;;;;;;;;;;;;;;;;;;;;;;;;;;;;;;;;;;;;;;;
10004452683175495525762#AC30#AC31#AC30;AC31;05509052;1;4722141;20240223061212351;L;18;;;;;287639;20240223062009771;axifbatch;20240223062009771;axifbatch;;1;HOYA;;;;0.00;156;157;162;;;;;;;;;;;;;;;;;;;;;;;;;;;;;;;;;;;;;;;;;;;;;;;;;
10004452683175495525762#AC30#AC31#AC30;AC31;05509585;1;4722580;20240223061223036;R;17;18;;;;292094;20240223062009771;axifbatch;20240223062009771;axifbatch;;1;HOYA;;;;0.13;149;155;;;;;;;;;;;;;;;;;;;;;;;;;;;;;;;;;;;;;;;;;;;;;;;;;;
10004452683175495525762#AC30#AC31#AC30;AC31;05509585;1;4722580;20240223061223048;L;17;18;;;;292094;20240223062009771;axifbatch;20240223062009771;axifbatch;;1;HOYA;;;;0.13;149;155;;;;;;;;;;;;;;;;;;;;;;;;;;;;;;;;;;;;;;;;;;;;;;;;;;
10004452683175495525762#AC30#AC31#AC30;AC31;05509585;1;4722580;20240223061223036;R;18;;;;;292094;20240223062009771;axifbatch;20240223062009771;axifbatch;;1;HOYA;;;;0.00;156;157;162;;;;;;;;;;;;;;;;;;;;;;;;;;;;;;;;;;;;;;;;;;;;;;;;;
10004452683175495525762#AC30#AC31#AC30;AC31;05509585;1;4722580;20240223061223048;L;18;;;;;292094;20240223062009771;axifbatch;20240223062009771;axifbatch;;1;HOYA;;;;0.00;156;157;162;;;;;;;;;;;;;;;;;;;;;;;;;;;;;;;;;;;;;;;;;;;;;;;;;
10004452683175495525762#AC30#AC31#AC30;AC31;05507769;1;4721318;20240223061233731;R;17;18;;;;279345;20240223062009771;axifbatch;20240223062009771;axifbatch;;1;HOYA;;;;0.13;149;155;;;;;;;;;;;;;;;;;;;;;;;;;;;;;;;;;;;;;;;;;;;;;;;;;;
10004452683175495525762#AC30#AC31#AC30;AC31;05507769;1;4721318;20240223061233743;L;17;18;;;;279345;20240223062009771;axifbatch;20240223062009771;axifbatch;;1;HOYA;;;;0.13;149;155;;;;;;;;;;;;;;;;;;;;;;;;;;;;;;;;;;;;;;;;;;;;;;;;;;
10004452683175495525762#AC30#AC31#AC30;AC31;05507769;1;4721318;20240223061233731;R;18;;;;;279345;20240223062009771;axifbatch;20240223062009771;axifbatch;;1;HOYA;;;;0.00;156;157;162;;;;;;;;;;;;;;;;;;;;;;;;;;;;;;;;;;;;;;;;;;;;;;;;;
10004452683175495525762#AC30#AC31#AC30;AC31;05507769;1;4721318;20240223061233743;L;18;;;;;279345;20240223062009771;axifbatch;20240223062009771;axifbatch;;1;HOYA;;;;0.00;156;157;162;;;;;;;;;;;;;;;;;;;;;;;;;;;;;;;;;;;;;;;;;;;;;;;;;
10004452683175495525762#AC30#AC31#AC30;AC31;05513343;1;4725191;20240223061243815;R;17;18;;;;318527;20240223062009771;axifbatch;20240223062009771;axifbatch;;1;HOYA;;;;0.12;149;155;;;;;;;;;;;;;;;;;;;;;;;;;;;;;;;;;;;;;;;;;;;;;;;;;;
10004452683175495525762#AC30#AC31#AC30;AC31;05513343;1;4725191;20240223061243827;L;17;18;;;;318527;20240223062009771;axifbatch;20240223062009771;axifbatch;;1;HOYA;;;;0.12;149;155;;;;;;;;;;;;;;;;;;;;;;;;;;;;;;;;;;;;;;;;;;;;;;;;;;
10004452683175495525762#AC30#AC31#AC30;AC31;05513343;1;4725191;20240223061243815;R;18;;;;;318527;20240223062009771;axifbatch;20240223062009771;axifbatch;;1;HOYA;;;;0.00;156;157;162;;;;;;;;;;;;;;;;;;;;;;;;;;;;;;;;;;;;;;;;;;;;;;;;;
10004452683175495525762#AC30#AC31#AC30;AC31;05513343;1;4725191;20240223061243827;L;18;;;;;318527;20240223062009771;axifbatch;20240223062009771;axifbatch;;1;HOYA;;;;0.00;156;157;162;;;;;;;;;;;;;;;;;;;;;;;;;;;;;;;;;;;;;;;;;;;;;;;;;
10004452683175495525762#AC30#AC31#AC30;AC31;05511692;1;4724080;20240223060952307;R;14;17;;;;307241;20240223062009771;axifbatch;20240223062009771;axifbatch;;1;HOYA;;;;1.64;123;131;;;;;;;;;;;;;;;;;;;;;;;;;;;;;;;;;;;;;;;;;;;;;;;;;THD5F;FC
10004452683175495525762#AC30#AC31#AC30;AC31;05511692;1;4724080;20240223060952307;L;14;17;;;;307241;20240223062009771;axifbatch;20240223062009771;axifbatch;;1;HOYA;;;;1.64;123;131;;;;;;;;;;;;;;;;;;;;;;;;;;;;;;;;;;;;;;;;;;;;;;;;;THD5F;FC
10004452683175495525762#AC30#AC31#AC30;AC31;05511692;1;4724080;20240223061254866;R;17;18;;;;307241;20240223062009771;axifbatch;20240223062009771;axifbatch;;1;HOYA;;;;0.06;149;155;;;;;;;;;;;;;;;;;;;;;;;;;;;;;;;;;;;;;;;;;;;;;;;;;THD5F;FC
10004452683175495525762#AC30#AC31#AC30;AC31;05511692;1;4724080;20240223061254878;L;17;18;;;;307241;20240223062009771;axifbatch;20240223062009771;axifbatch;;1;HOYA;;;;0.06;149;155;;;;;;;;;;;;;;;;;;;;;;;;;;;;;;;;;;;;;;;;;;;;;;;;;THD5F;FC
10004452683175495525762#AC30#AC31#AC30;AC31;05511692;1;4724080;20240223061254866;R;18;;;;;307241;20240223062009771;axifbatch;20240223062009771;axifbatch;;1;HOYA;;;;0.00;156;157;162;;;;;;;;;;;;;;;;;;;;;;;;;;;;;;;;;;;;;;;;;;;;;;;;;
10004452683175495525762#AC30#AC31#AC30;AC31;05511692;1;4724080;20240223061254878;L;18;;;;;307241;20240223062009771;axifbatch;20240223062009771;axifbatch;;1;HOYA;;;;0.00;156;157;162;;;;;;;;;;;;;;;;;;;;;;;;;;;;;;;;;;;;;;;;;;;;;;;;;
10004452683175495525762#AC30#AC31#AC30;AC31;05507668;1;4721235;20240223060956089;R;14;17;;;;278498;20240223062009771;axifbatch;20240223062009771;axifbatch;;1;HOYA;;;;2.39;123;125;126;131;;;;;;;;;;;;;;;;;;;;;;;;;;;;;;;;;;;;;;;;;;;;;;;THD5F;UVC
10004452683175495525762#AC30#AC31#AC30;AC31;05507668;1;4721235;20240223060956089;L;14;17;;;;278498;20240223062009771;axifbatch;20240223062009771;axifbatch;;1;HOYA;;;;2.39;123;125;126;131;;;;;;;;;;;;;;;;;;;;;;;;;;;;;;;;;;;;;;;;;;;;;;;THD5F;UVC
10004452683175495525762#AC30#AC31#AC30;AC31;05507668;1;4721235;20240223061305589;R;17;18;;;;278498;20240223062009771;axifbatch;20240223062009771;axifbatch;;1;HOYA;;;;0.06;149;155;;;;;;;;;;;;;;;;;;;;;;;;;;;;;;;;;;;;;;;;;;;;;;;;;THD5F;UVC
10004452683175495525762#AC30#AC31#AC30;AC31;05507668;1;4721235;20240223061305601;L;17;18;;;;278498;20240223062009771;axifbatch;20240223062009771;axifbatch;;1;HOYA;;;;0.06;149;155;;;;;;;;;;;;;;;;;;;;;;;;;;;;;;;;;;;;;;;;;;;;;;;;;THD5F;UVC
10004452683175495525762#AC30#AC31#AC30;AC31;05507668;1;4721235;20240223061305589;R;18;;;;;278498;20240223062009771;axifbatch;20240223062009771;axifbatch;;1;HOYA;;;;0.00;156;157;162;;;;;;;;;;;;;;;;;;;;;;;;;;;;;;;;;;;;;;;;;;;;;;;;;
10004452683175495525762#AC30#AC31#AC30;AC31;05507668;1;4721235;20240223061305601;L;18;;;;;278498;20240223062009771;axifbatch;20240223062009771;axifbatch;;1;HOYA;;;;0.00;156;157;162;;;;;;;;;;;;;;;;;;;;;;;;;;;;;;;;;;;;;;;;;;;;;;;;;
10004452683175495525762#AC30#AC31#AC30;AC31;05512083;1;4724326;20240223061000442;R;14;17;;;;309750;20240223062009771;axifbatch;20240223062009771;axifbatch;;1;HOYA;;;;3.67;123;125;126;131;;;;;;;;;;;;;;;;;;;;;;;;;;;;;;;;;;;;;;;;;;;;;;;HCE5F;UVC
10004452683175495525762#AC30#AC31#AC30;AC31;05512083;1;4724326;20240223061000442;L;14;17;;;;309750;20240223062009771;axifbatch;20240223062009771;axifbatch;;1;HOYA;;;;3.67;123;125;126;131;;;;;;;;;;;;;;;;;;;;;;;;;;;;;;;;;;;;;;;;;;;;;;;HCE5F;UVC
10004452683175495525762#AC30#AC31#AC30;AC31;05512083;1;4724326;20240223061316255;R;17;18;;;;309750;20240223062009771;axifbatch;20240223062009771;axifbatch;;1;HOYA;;;;0.06;149;155;;;;;;;;;;;;;;;;;;;;;;;;;;;;;;;;;;;;;;;;;;;;;;;;;HCE5F;UVC
10004452683175495525762#AC30#AC31#AC30;AC31;05512083;1;4724326;20240223061316267;L;17;18;;;;309750;20240223062009771;axifbatch;20240223062009771;axifbatch;;1;HOYA;;;;0.06;149;155;;;;;;;;;;;;;;;;;;;;;;;;;;;;;;;;;;;;;;;;;;;;;;;;;HCE5F;UVC
10004452683175495525762#AC30#AC31#AC30;AC31;05512083;1;4724326;20240223061316255;R;18;;;;;309750;20240223062009771;axifbatch;20240223062009771;axifbatch;;1;HOYA;;;;0.00;156;157;162;;;;;;;;;;;;;;;;;;;;;;;;;;;;;;;;;;;;;;;;;;;;;;;;;
10004452683175495525762#AC30#AC31#AC30;AC31;05512083;1;4724326;20240223061316267;L;18;;;;;309750;20240223062009771;axifbatch;20240223062009771;axifbatch;;1;HOYA;;;;0.00;156;157;162;;;;;;;;;;;;;;;;;;;;;;;;;;;;;;;;;;;;;;;;;;;;;;;;;
10004452683175495525762#AC30#AC31#AC30;AC31;05510281;1;4723118;20240223061033289;R;14;17;;;;297517;20240223062009771;axifbatch;20240223062009771;axifbatch;;5;FTSC;;;;5.16;123;131;;;;;;;;;;;;;;;;;;;;;;;;;;;;;;;;;;;;;;;;;;;;;;;;;THD5F;UVC
10004452683175495525762#AC30#AC31#AC30;AC31;05510281;1;4723118;20240223061033289;L;14;17;;;;297517;20240223062009771;axifbatch;20240223062009771;axifbatch;;5;FTSC;;;;5.16;123;131;;;;;;;;;;;;;;;;;;;;;;;;;;;;;;;;;;;;;;;;;;;;;;;;;THD5F;UVC
10004452683175495525762#AC30#AC31#AC30;AC31;05510281;1;4723118;20240223061320827;R;17;18;;;;297517;20240223062009771;axifbatch;20240223062009771;axifbatch;;5;FTSC;;;;0.05;149;155;;;;;;;;;;;;;;;;;;;;;;;;;;;;;;;;;;;;;;;;;;;;;;;;;THD5F;UVC
10004452683175495525762#AC30#AC31#AC30;AC31;05510281;1;4723118;20240223061320839;L;17;18;;;;297517;20240223062009771;axifbatch;20240223062009771;axifbatch;;5;FTSC;;;;0.05;149;155;;;;;;;;;;;;;;;;;;;;;;;;;;;;;;;;;;;;;;;;;;;;;;;;;THD5F;UVC
10004452683175495525762#AC30#AC31#AC30;AC31;05510281;1;4723118;20240223061320827;R;18;;;;;297517;20240223062009771;axifbatch;20240223062009771;axifbatch;;5;FTSC;;;;0.00;156;157;162;;;;;;;;;;;;;;;;;;;;;;;;;;;;;;;;;;;;;;;;;;;;;;;;;
10004452683175495525762#AC30#AC31#AC30;AC31;05510281;1;4723118;20240223061320839;L;18;;;;;297517;20240223062009771;axifbatch;20240223062009771;axifbatch;;5;FTSC;;;;0.00;156;157;162;;;;;;;;;;;;;;;;;;;;;;;;;;;;;;;;;;;;;;;;;;;;;;;;;
10004452683175495525762#AC30#AC31#AC30;AC31;05510080;1;4722995;20240223061034929;R;14;17;;;;296296;20240223062009771;axifbatch;20240223062009771;axifbatch;;5;FTSC;;;;3.44;123;131;;;;;;;;;;;;;;;;;;;;;;;;;;;;;;;;;;;;;;;;;;;;;;;;;;
10004452683175495525762#AC30#AC31#AC30;AC31;05510080;1;4722995;20240223061034929;L;14;17;;;;296296;20240223062009771;axifbatch;20240223062009771;axifbatch;;5;FTSC;;;;3.44;123;131;;;;;;;;;;;;;;;;;;;;;;;;;;;;;;;;;;;;;;;;;;;;;;;;;;
10004452683175495525762#AC30#AC31#AC30;AC31;05510080;1;4722995;20240223061326259;R;17;18;;;;296296;20240223062009771;axifbatch;20240223062009771;axifbatch;;5;FTSC;;;;0.05;149;155;;;;;;;;;;;;;;;;;;;;;;;;;;;;;;;;;;;;;;;;;;;;;;;;;;
10004452683175495525762#AC30#AC31#AC30;AC31;05510080;1;4722995;20240223061326271;L;17;18;;;;296296;20240223062009771;axifbatch;20240223062009771;axifbatch;;5;FTSC;;;;0.05;149;155;;;;;;;;;;;;;;;;;;;;;;;;;;;;;;;;;;;;;;;;;;;;;;;;;;
10004452683175495525762#AC30#AC31#AC30;AC31;05510080;1;4722995;20240223061326259;R;18;;;;;296296;20240223062009771;axifbatch;20240223062009771;axifbatch;;5;FTSC;;;;0.00;156;157;162;;;;;;;;;;;;;;;;;;;;;;;;;;;;;;;;;;;;;;;;;;;;;;;;;
10004452683175495525762#AC30#AC31#AC30;AC31;05510080;1;4722995;20240223061326271;L;18;;;;;296296;20240223062009771;axifbatch;20240223062009771;axifbatch;;5;FTSC;;;;0.00;156;157;162;;;;;;;;;;;;;;;;;;;;;;;;;;;;;;;;;;;;;;;;;;;;;;;;;
10004452683175495525762#AC30#AC31#AC30;AC31;05510729;1;4723426;20240223060951584;R;14;17;;;;300641;20240223062009771;axifbatch;20240223062009771;axifbatch;;1;HOYA;;;;1.65;123;131;;;;;;;;;;;;;;;;;;;;;;;;;;;;;;;;;;;;;;;;;;;;;;;;;THD5F;UVC
10004452683175495525762#AC30#AC31#AC30;AC31;05510729;1;4723426;20240223060951584;L;14;17;;;;300641;20240223062009771;axifbatch;20240223062009771;axifbatch;;1;HOYA;;;;1.65;123;131;;;;;;;;;;;;;;;;;;;;;;;;;;;;;;;;;;;;;;;;;;;;;;;;;THD5F;UVC
10004452683175495525762#AC30#AC31#AC30;AC31;05510729;1;4723426;20240223061326335;R;17;18;;;;300641;20240223062009771;axifbatch;20240223062009771;axifbatch;;1;HOYA;;;;0.06;149;155;;;;;;;;;;;;;;;;;;;;;;;;;;;;;;;;;;;;;;;;;;;;;;;;;THD5F;UVC
10004452683175495525762#AC30#AC31#AC30;AC31;05510729;1;4723426;20240223061326347;L;17;18;;;;300641;20240223062009771;axifbatch;20240223062009771;axifbatch;;1;HOYA;;;;0.06;149;155;;;;;;;;;;;;;;;;;;;;;;;;;;;;;;;;;;;;;;;;;;;;;;;;;THD5F;UVC
10004452683175495525762#AC30#AC31#AC30;AC31;05510729;1;4723426;20240223061326335;R;18;;;;;300641;20240223062009771;axifbatch;20240223062009771;axifbatch;;1;HOYA;;;;0.00;156;157;162;;;;;;;;;;;;;;;;;;;;;;;;;;;;;;;;;;;;;;;;;;;;;;;;;
10004452683175495525762#AC30#AC31#AC30;AC31;05510729;1;4723426;20240223061326347;L;18;;;;;300641;20240223062009771;axifbatch;20240223062009771;axifbatch;;1;HOYA;;;;0.00;156;157;162;;;;;;;;;;;;;;;;;;;;;;;;;;;;;;;;;;;;;;;;;;;;;;;;;
10004452683175495525762#AC30#AC31#AC30;AC31;05510732;1;4723428;20240223061035936;R;14;17;;;;300674;20240223062009771;axifbatch;20240223062009771;axifbatch;;5;FTSC;;;;3.44;123;131;;;;;;;;;;;;;;;;;;;;;;;;;;;;;;;;;;;;;;;;;;;;;;;;;DHC50S;UVC
10004452683175495525762#AC30#AC31#AC30;AC31;05510732;1;4723428;20240223061035936;L;14;17;;;;300674;20240223062009771;axifbatch;20240223062009771;axifbatch;;5;FTSC;;;;3.44;123;131;;;;;;;;;;;;;;;;;;;;;;;;;;;;;;;;;;;;;;;;;;;;;;;;;DHC50S;UVC
10004452683175495525762#AC30#AC31#AC30;AC31;05510732;1;4723428;20240223061331720;R;17;18;;;;300674;20240223062009771;axifbatch;20240223062009771;axifbatch;;5;FTSC;;;;0.05;149;155;;;;;;;;;;;;;;;;;;;;;;;;;;;;;;;;;;;;;;;;;;;;;;;;;DHC50S;UVC
10004452683175495525762#AC30#AC31#AC30;AC31;05510732;1;4723428;20240223061331732;L;17;18;;;;300674;20240223062009771;axifbatch;20240223062009771;axifbatch;;5;FTSC;;;;0.05;149;155;;;;;;;;;;;;;;;;;;;;;;;;;;;;;;;;;;;;;;;;;;;;;;;;;DHC50S;UVC
10004452683175495525762#AC30#AC31#AC30;AC31;05510732;1;4723428;20240223061331720;R;18;;;;;300674;20240223062009771;axifbatch;20240223062009771;axifbatch;;5;FTSC;;;;0.00;156;157;162;;;;;;;;;;;;;;;;;;;;;;;;;;;;;;;;;;;;;;;;;;;;;;;;;
10004452683175495525762#AC30#AC31#AC30;AC31;05510732;1;4723428;20240223061331732;L;18;;;;;300674;20240223062009771;axifbatch;20240223062009771;axifbatch;;5;FTSC;;;;0.00;156;157;162;;;;;;;;;;;;;;;;;;;;;;;;;;;;;;;;;;;;;;;;;;;;;;;;;
10004452683175495525762#AC30#AC31#AC30;AC31;05511046;1;4723593;20240223060950870;R;14;17;;;;302324;20240223062009771;axifbatch;20240223062009771;axifbatch;;1;HOYA;;;;1.65;123;131;;;;;;;;;;;;;;;;;;;;;;;;;;;;;;;;;;;;;;;;;;;;;;;;;THD5F;FC
10004452683175495525762#AC30#AC31#AC30;AC31;05511046;1;4723593;20240223060950870;L;14;17;;;;302324;20240223062009771;axifbatch;20240223062009771;axifbatch;;1;HOYA;;;;1.65;123;131;;;;;;;;;;;;;;;;;;;;;;;;;;;;;;;;;;;;;;;;;;;;;;;;;THD5F;FC
10004452683175495525762#AC30#AC31#AC30;AC31;05511046;1;4723593;20240223061336995;R;17;18;;;;302324;20240223062009771;axifbatch;20240223062009771;axifbatch;;1;HOYA;;;;0.07;149;155;;;;;;;;;;;;;;;;;;;;;;;;;;;;;;;;;;;;;;;;;;;;;;;;;THD5F;FC
10004452683175495525762#AC30#AC31#AC30;AC31;05511046;1;4723593;20240223061337007;L;17;18;;;;302324;20240223062009771;axifbatch;20240223062009771;axifbatch;;1;HOYA;;;;0.07;149;155;;;;;;;;;;;;;;;;;;;;;;;;;;;;;;;;;;;;;;;;;;;;;;;;;THD5F;FC
10004452683175495525762#AC30#AC31#AC30;AC31;05511046;1;4723593;20240223061336995;R;18;;;;;302324;20240223062009771;axifbatch;20240223062009771;axifbatch;;1;HOYA;;;;0.00;156;157;162;;;;;;;;;;;;;;;;;;;;;;;;;;;;;;;;;;;;;;;;;;;;;;;;;
10004452683175495525762#AC30#AC31#AC30;AC31;05511046;1;4723593;20240223061337007;L;18;;;;;302324;20240223062009771;axifbatch;20240223062009771;axifbatch;;1;HOYA;;;;0.00;156;157;162;;;;;;;;;;;;;;;;;;;;;;;;;;;;;;;;;;;;;;;;;;;;;;;;;
10004452683175495525762#AC30#AC31#AC30;AC31;05510698;1;4723405;20240223061037831;R;14;17;;;;300432;20240223062009771;axifbatch;20240223062009771;axifbatch;;5;FTSC;;;;3.43;123;131;;;;;;;;;;;;;;;;;;;;;;;;;;;;;;;;;;;;;;;;;;;;;;;;;DHC50S;UVC
10004452683175495525762#AC30#AC31#AC30;AC31;05510698;1;4723405;20240223061037831;L;14;17;;;;300432;20240223062009771;axifbatch;20240223062009771;axifbatch;;5;FTSC;;;;3.43;123;131;;;;;;;;;;;;;;;;;;;;;;;;;;;;;;;;;;;;;;;;;;;;;;;;;DHC50S;UVC
10004452683175495525762#AC30#AC31#AC30;AC31;05510698;1;4723405;20240223061338227;R;17;18;;;;300432;20240223062009771;axifbatch;20240223062009771;axifbatch;;5;FTSC;;;;0.06;149;155;;;;;;;;;;;;;;;;;;;;;;;;;;;;;;;;;;;;;;;;;;;;;;;;;DHC50S;UVC
10004452683175495525762#AC30#AC31#AC30;AC31;05510698;1;4723405;20240223061338239;L;17;18;;;;300432;20240223062009771;axifbatch;20240223062009771;axifbatch;;5;FTSC;;;;0.06;149;155;;;;;;;;;;;;;;;;;;;;;;;;;;;;;;;;;;;;;;;;;;;;;;;;;DHC50S;UVC
10004452683175495525762#AC30#AC31#AC30;AC31;05510698;1;4723405;20240223061338227;R;18;;;;;300432;20240223062009771;axifbatch;20240223062009771;axifbatch;;5;FTSC;;;;0.00;156;157;162;;;;;;;;;;;;;;;;;;;;;;;;;;;;;;;;;;;;;;;;;;;;;;;;;
10004452683175495525762#AC30#AC31#AC30;AC31;05510698;1;4723405;20240223061338239;L;18;;;;;300432;20240223062009771;axifbatch;20240223062009771;axifbatch;;5;FTSC;;;;0.00;156;157;162;;;;;;;;;;;;;;;;;;;;;;;;;;;;;;;;;;;;;;;;;;;;;;;;;
10004452683175495525762#AC30#AC31#AC30;AC31;05509189;1;4722251;20240223061038784;R;14;17;;;;288750;20240223062009771;axifbatch;20240223062009771;axifbatch;;5;FTSC;;;;3.43;123;131;;;;;;;;;;;;;;;;;;;;;;;;;;;;;;;;;;;;;;;;;;;;;;;;;DHC50S;UVC
10004452683175495525762#AC30#AC31#AC30;AC31;05509189;1;4722251;20240223061038784;L;14;17;;;;288750;20240223062009771;axifbatch;20240223062009771;axifbatch;;5;FTSC;;;;3.43;123;131;;;;;;;;;;;;;;;;;;;;;;;;;;;;;;;;;;;;;;;;;;;;;;;;;DHC50S;UVC
10004452683175495525762#AC30#AC31#AC30;AC31;05509189;1;4722251;20240223061343693;R;17;18;;;;288750;20240223062009771;axifbatch;20240223062009771;axifbatch;;5;FTSC;;;;0.06;149;155;;;;;;;;;;;;;;;;;;;;;;;;;;;;;;;;;;;;;;;;;;;;;;;;;DHC50S;UVC
10004452683175495525762#AC30#AC31#AC30;AC31;05509189;1;4722251;20240223061343705;L;17;18;;;;288750;20240223062009771;axifbatch;20240223062009771;axifbatch;;5;FTSC;;;;0.06;149;155;;;;;;;;;;;;;;;;;;;;;;;;;;;;;;;;;;;;;;;;;;;;;;;;;DHC50S;UVC
10004452683175495525762#AC30#AC31#AC30;AC31;05509189;1;4722251;20240223061343693;R;18;;;;;288750;20240223062009771;axifbatch;20240223062009771;axifbatch;;5;FTSC;;;;0.00;156;157;162;;;;;;;;;;;;;;;;;;;;;;;;;;;;;;;;;;;;;;;;;;;;;;;;;
10004452683175495525762#AC30#AC31#AC30;AC31;05509189;1;4722251;20240223061343705;L;18;;;;;288750;20240223062009771;axifbatch;20240223062009771;axifbatch;;5;FTSC;;;;0.00;156;157;162;;;;;;;;;;;;;;;;;;;;;;;;;;;;;;;;;;;;;;;;;;;;;;;;;
10004452683175495525762#AC30#AC31#AC30;AC31;05513321;1;4725174;20240223060949997;R;14;17;;;;318351;20240223062009771;axifbatch;20240223062009771;axifbatch;;1;HOYA;;;;3.68;123;131;;;;;;;;;;;;;;;;;;;;;;;;;;;;;;;;;;;;;;;;;;;;;;;;;HC50S;VP
10004452683175495525762#AC30#AC31#AC30;AC31;05513321;1;4725174;20240223060949997;L;14;17;;;;318351;20240223062009771;axifbatch;20240223062009771;axifbatch;;1;HOYA;;;;3.68;123;131;;;;;;;;;;;;;;;;;;;;;;;;;;;;;;;;;;;;;;;;;;;;;;;;;HC50S;VP
10004452683175495525762#AC30#AC31#AC30;AC31;05513321;1;4725174;20240223061347587;R;17;18;;;;318351;20240223062009771;axifbatch;20240223062009771;axifbatch;;1;HOYA;;;;0.07;149;155;;;;;;;;;;;;;;;;;;;;;;;;;;;;;;;;;;;;;;;;;;;;;;;;;HC50S;VP
10004452683175495525762#AC30#AC31#AC30;AC31;05513321;1;4725174;20240223061347599;L;17;18;;;;318351;20240223062009771;axifbatch;20240223062009771;axifbatch;;1;HOYA;;;;0.07;149;155;;;;;;;;;;;;;;;;;;;;;;;;;;;;;;;;;;;;;;;;;;;;;;;;;HC50S;VP
10004452683175495525762#AC30#AC31#AC30;AC31;05513321;1;4725174;20240223061347587;R;18;;;;;318351;20240223062009771;axifbatch;20240223062009771;axifbatch;;1;HOYA;;;;0.00;156;157;162;;;;;;;;;;;;;;;;;;;;;;;;;;;;;;;;;;;;;;;;;;;;;;;;;
10004452683175495525762#AC30#AC31#AC30;AC31;05513321;1;4725174;20240223061347599;L;18;;;;;318351;20240223062009771;axifbatch;20240223062009771;axifbatch;;1;HOYA;;;;0.00;156;157;162;;;;;;;;;;;;;;;;;;;;;;;;;;;;;;;;;;;;;;;;;;;;;;;;;
10004452683175495525762#AC30#AC31#AC30;AC31;05511169;1;4723696;20240223061040040;R;14;17;;;;303369;20240223062009771;axifbatch;20240223062009771;axifbatch;;5;FTSC;;;;3.44;123;131;;;;;;;;;;;;;;;;;;;;;;;;;;;;;;;;;;;;;;;;;;;;;;;;;HCE5F;UVC
10004452683175495525762#AC30#AC31#AC30;AC31;05511169;1;4723696;20240223061040040;L;14;17;;;;303369;20240223062009771;axifbatch;20240223062009771;axifbatch;;5;FTSC;;;;3.44;123;131;;;;;;;;;;;;;;;;;;;;;;;;;;;;;;;;;;;;;;;;;;;;;;;;;HCE5F;UVC
10004452683175495525762#AC30#AC31#AC30;AC31;05511169;1;4723696;20240223061349141;R;17;18;;;;303369;20240223062009771;axifbatch;20240223062009771;axifbatch;;5;FTSC;;;;0.06;149;155;;;;;;;;;;;;;;;;;;;;;;;;;;;;;;;;;;;;;;;;;;;;;;;;;HCE5F;UVC
10004452683175495525762#AC30#AC31#AC30;AC31;05511169;1;4723696;20240223061349153;L;17;18;;;;303369;20240223062009771;axifbatch;20240223062009771;axifbatch;;5;FTSC;;;;0.06;149;155;;;;;;;;;;;;;;;;;;;;;;;;;;;;;;;;;;;;;;;;;;;;;;;;;HCE5F;UVC
10004452683175495525762#AC30#AC31#AC30;AC31;05511169;1;4723696;20240223061349141;R;18;;;;;303369;20240223062009771;axifbatch;20240223062009771;axifbatch;;5;FTSC;;;;0.00;156;157;162;;;;;;;;;;;;;;;;;;;;;;;;;;;;;;;;;;;;;;;;;;;;;;;;;
10004452683175495525762#AC30#AC31#AC30;AC31;05511169;1;4723696;20240223061349153;L;18;;;;;303369;20240223062009771;axifbatch;20240223062009771;axifbatch;;5;FTSC;;;;0.00;156;157;162;;;;;;;;;;;;;;;;;;;;;;;;;;;;;;;;;;;;;;;;;;;;;;;;;
10004452683175495525762#AC30#AC31#AC30;AC31;05509589;1;4722583;20240223061041481;R;14;17;;;;292127;20240223062009771;axifbatch;20240223062009771;axifbatch;;5;FTSC;;;;5.16;123;131;;;;;;;;;;;;;;;;;;;;;;;;;;;;;;;;;;;;;;;;;;;;;;;;;DHC50S;UVC
10004452683175495525762#AC30#AC31#AC30;AC31;05509589;1;4722583;20240223061041481;L;14;17;;;;292127;20240223062009771;axifbatch;20240223062009771;axifbatch;;5;FTSC;;;;5.16;123;131;;;;;;;;;;;;;;;;;;;;;;;;;;;;;;;;;;;;;;;;;;;;;;;;;DHC50S;UVC
10004452683175495525762#AC30#AC31#AC30;AC31;05509589;1;4722583;20240223061354626;R;17;18;;;;292127;20240223062009771;axifbatch;20240223062009771;axifbatch;;5;FTSC;;;;0.06;149;155;;;;;;;;;;;;;;;;;;;;;;;;;;;;;;;;;;;;;;;;;;;;;;;;;DHC50S;UVC
10004452683175495525762#AC30#AC31#AC30;AC31;05509589;1;4722583;20240223061354638;L;17;18;;;;292127;20240223062009771;axifbatch;20240223062009771;axifbatch;;5;FTSC;;;;0.06;149;155;;;;;;;;;;;;;;;;;;;;;;;;;;;;;;;;;;;;;;;;;;;;;;;;;DHC50S;UVC
10004452683175495525762#AC30#AC31#AC30;AC31;05509589;1;4722583;20240223061354626;R;18;;;;;292127;20240223062009771;axifbatch;20240223062009771;axifbatch;;5;FTSC;;;;0.00;156;157;162;;;;;;;;;;;;;;;;;;;;;;;;;;;;;;;;;;;;;;;;;;;;;;;;;
10004452683175495525762#AC30#AC31#AC30;AC31;05509589;1;4722583;20240223061354638;L;18;;;;;292127;20240223062009771;axifbatch;20240223062009771;axifbatch;;5;FTSC;;;;0.00;156;157;162;;;;;;;;;;;;;;;;;;;;;;;;;;;;;;;;;;;;;;;;;;;;;;;;;
10004452683175495525762#AC30#AC31#AC30;AC31;05513247;1;4725116;20240223061357655;R;17;18;;;;317779;20240223062009771;axifbatch;20240223062009771;axifbatch;;1;HOYA;;;;0.12;149;155;;;;;;;;;;;;;;;;;;;;;;;;;;;;;;;;;;;;;;;;;;;;;;;;;THD5F;UVC
10004452683175495525762#AC30#AC31#AC30;AC31;05513247;1;4725116;20240223061357667;L;17;18;;;;317779;20240223062009771;axifbatch;20240223062009771;axifbatch;;1;HOYA;;;;0.12;149;155;;;;;;;;;;;;;;;;;;;;;;;;;;;;;;;;;;;;;;;;;;;;;;;;;THD5F;UVC
10004452683175495525762#AC30#AC31#AC30;AC31;05513247;1;4725116;20240223061357655;R;18;;;;;317779;20240223062009771;axifbatch;20240223062009771;axifbatch;;1;HOYA;;;;0.00;156;157;162;;;;;;;;;;;;;;;;;;;;;;;;;;;;;;;;;;;;;;;;;;;;;;;;;
10004452683175495525762#AC30#AC31#AC30;AC31;05513247;1;4725116;20240223061357667;L;18;;;;;317779;20240223062009771;axifbatch;20240223062009771;axifbatch;;1;HOYA;;;;0.00;156;157;162;;;;;;;;;;;;;;;;;;;;;;;;;;;;;;;;;;;;;;;;;;;;;;;;;
10004452683175495525762#AC30#AC31#AC30;AC31;05510658;1;4723382;20240223061042456;R;14;17;;;;300212;20240223062009771;axifbatch;20240223062009771;axifbatch;;5;FTSC;;;;3.44;123;131;;;;;;;;;;;;;;;;;;;;;;;;;;;;;;;;;;;;;;;;;;;;;;;;;DHC50S;UVC
10004452683175495525762#AC30#AC31#AC30;AC31;05510658;1;4723382;20240223061042456;L;14;17;;;;300212;20240223062009771;axifbatch;20240223062009771;axifbatch;;5;FTSC;;;;3.44;123;131;;;;;;;;;;;;;;;;;;;;;;;;;;;;;;;;;;;;;;;;;;;;;;;;;DHC50S;UVC
10004452683175495525762#AC30#AC31#AC30;AC31;05510658;1;4723382;20240223061400050;R;17;18;;;;300212;20240223062009771;axifbatch;20240223062009771;axifbatch;;5;FTSC;;;;0.06;149;155;;;;;;;;;;;;;;;;;;;;;;;;;;;;;;;;;;;;;;;;;;;;;;;;;DHC50S;UVC
10004452683175495525762#AC30#AC31#AC30;AC31;05510658;1;4723382;20240223061400062;L;17;18;;;;300212;20240223062009771;axifbatch;20240223062009771;axifbatch;;5;FTSC;;;;0.06;149;155;;;;;;;;;;;;;;;;;;;;;;;;;;;;;;;;;;;;;;;;;;;;;;;;;DHC50S;UVC
10004452683175495525762#AC30#AC31#AC30;AC31;05510658;1;4723382;20240223061400050;R;18;;;;;300212;20240223062009771;axifbatch;20240223062009771;axifbatch;;5;FTSC;;;;0.00;156;157;162;;;;;;;;;;;;;;;;;;;;;;;;;;;;;;;;;;;;;;;;;;;;;;;;;
10004452683175495525762#AC30#AC31#AC30;AC31;05510658;1;4723382;20240223061400062;L;18;;;;;300212;20240223062009771;axifbatch;20240223062009771;axifbatch;;5;FTSC;;;;0.00;156;157;162;;;;;;;;;;;;;;;;;;;;;;;;;;;;;;;;;;;;;;;;;;;;;;;;;
10004452683175495525762#AC30#AC31#AC30;AC31;05509511;1;4722523;20240223061043448;R;14;17;;;;291500;20240223062009771;axifbatch;20240223062009771;axifbatch;;5;FTSC;;;;5.15;123;131;;;;;;;;;;;;;;;;;;;;;;;;;;;;;;;;;;;;;;;;;;;;;;;;;HCE5F;UVC
10004452683175495525762#AC30#AC31#AC30;AC31;05509511;1;4722523;20240223061043448;L;14;17;;;;291500;20240223062009771;axifbatch;20240223062009771;axifbatch;;5;FTSC;;;;5.15;123;131;;;;;;;;;;;;;;;;;;;;;;;;;;;;;;;;;;;;;;;;;;;;;;;;;HCE5F;UVC
10004452683175495525762#AC30#AC31#AC30;AC31;05509511;1;4722523;20240223061405541;R;17;18;;;;291500;20240223062009771;axifbatch;20240223062009771;axifbatch;;5;FTSC;;;;0.06;149;155;;;;;;;;;;;;;;;;;;;;;;;;;;;;;;;;;;;;;;;;;;;;;;;;;HCE5F;UVC
10004452683175495525762#AC30#AC31#AC30;AC31;05509511;1;4722523;20240223061405553;L;17;18;;;;291500;20240223062009771;axifbatch;20240223062009771;axifbatch;;5;FTSC;;;;0.06;149;155;;;;;;;;;;;;;;;;;;;;;;;;;;;;;;;;;;;;;;;;;;;;;;;;;HCE5F;UVC
10004452683175495525762#AC30#AC31#AC30;AC31;05509511;1;4722523;20240223061405541;R;18;;;;;291500;20240223062009771;axifbatch;20240223062009771;axifbatch;;5;FTSC;;;;0.00;156;157;162;;;;;;;;;;;;;;;;;;;;;;;;;;;;;;;;;;;;;;;;;;;;;;;;;
10004452683175495525762#AC30#AC31#AC30;AC31;05509511;1;4722523;20240223061405553;L;18;;;;;291500;20240223062009771;axifbatch;20240223062009771;axifbatch;;5;FTSC;;;;0.00;156;157;162;;;;;;;;;;;;;;;;;;;;;;;;;;;;;;;;;;;;;;;;;;;;;;;;;
10004452683175495525762#AC30#AC31#AC30;AC31;05513268;1;4725131;20240223061408448;R;17;18;;;;317922;20240223062009771;axifbatch;20240223062009771;axifbatch;;1;HOYA;;;;0.12;149;155;;;;;;;;;;;;;;;;;;;;;;;;;;;;;;;;;;;;;;;;;;;;;;;;;HC60S;VP
10004452683175495525762#AC30#AC31#AC30;AC31;05513268;1;4725131;20240223061408460;L;17;18;;;;317922;20240223062009771;axifbatch;20240223062009771;axifbatch;;1;HOYA;;;;0.12;149;155;;;;;;;;;;;;;;;;;;;;;;;;;;;;;;;;;;;;;;;;;;;;;;;;;HC60S;VP
10004452683175495525762#AC30#AC31#AC30;AC31;05513268;1;4725131;20240223061408448;R;18;;;;;317922;20240223062009771;axifbatch;20240223062009771;axifbatch;;1;HOYA;;;;0.00;156;157;162;;;;;;;;;;;;;;;;;;;;;;;;;;;;;;;;;;;;;;;;;;;;;;;;;
10004452683175495525762#AC30#AC31#AC30;AC31;05513268;1;4725131;20240223061408460;L;18;;;;;317922;20240223062009771;axifbatch;20240223062009771;axifbatch;;1;HOYA;;;;0.00;156;157;162;;;;;;;;;;;;;;;;;;;;;;;;;;;;;;;;;;;;;;;;;;;;;;;;;
10004452683175495525762#AC30#AC31#AC30;AC31;05509380;1;4722406;20240223061045484;R;14;17;;;;290312;20240223062009771;axifbatch;20240223062009771;axifbatch;;5;FTSC;;;;5.15;123;131;;;;;;;;;;;;;;;;;;;;;;;;;;;;;;;;;;;;;;;;;;;;;;;;;THD5F;FC
10004452683175495525762#AC30#AC31#AC30;AC31;05509380;1;4722406;20240223061045484;L;14;17;;;;290312;20240223062009771;axifbatch;20240223062009771;axifbatch;;5;FTSC;;;;5.15;123;131;;;;;;;;;;;;;;;;;;;;;;;;;;;;;;;;;;;;;;;;;;;;;;;;;THD5F;FC
10004452683175495525762#AC30#AC31#AC30;AC31;05509380;1;4722406;20240223061410998;R;17;18;;;;290312;20240223062009771;axifbatch;20240223062009771;axifbatch;;5;FTSC;;;;0.06;149;155;;;;;;;;;;;;;;;;;;;;;;;;;;;;;;;;;;;;;;;;;;;;;;;;;THD5F;FC
10004452683175495525762#AC30#AC31#AC30;AC31;05509380;1;4722406;20240223061411010;L;17;18;;;;290312;20240223062009771;axifbatch;20240223062009771;axifbatch;;5;FTSC;;;;0.06;149;155;;;;;;;;;;;;;;;;;;;;;;;;;;;;;;;;;;;;;;;;;;;;;;;;;THD5F;FC
10004452683175495525762#AC30#AC31#AC30;AC31;05509380;1;4722406;20240223061410998;R;18;;;;;290312;20240223062009771;axifbatch;20240223062009771;axifbatch;;5;FTSC;;;;0.00;156;157;162;;;;;;;;;;;;;;;;;;;;;;;;;;;;;;;;;;;;;;;;;;;;;;;;;
10004452683175495525762#AC30#AC31#AC30;AC31;05509380;1;4722406;20240223061411010;L;18;;;;;290312;20240223062009771;axifbatch;20240223062009771;axifbatch;;5;FTSC;;;;0.00;156;157;162;;;;;;;;;;;;;;;;;;;;;;;;;;;;;;;;;;;;;;;;;;;;;;;;;
10004452683175495525762#AC30#AC31#AC30;AC31;05510804;1;4723484;20240223061046612;R;14;17;;;;301224;20240223062009771;axifbatch;20240223062009771;axifbatch;;5;FTSC;;;;5.16;123;131;;;;;;;;;;;;;;;;;;;;;;;;;;;;;;;;;;;;;;;;;;;;;;;;;HCE5F;FC
10004452683175495525762#AC30#AC31#AC30;AC31;05510804;1;4723484;20240223061046612;L;14;17;;;;301224;20240223062009771;axifbatch;20240223062009771;axifbatch;;5;FTSC;;;;5.16;123;131;;;;;;;;;;;;;;;;;;;;;;;;;;;;;;;;;;;;;;;;;;;;;;;;;HCE5F;FC
10004452683175495525762#AC30#AC31#AC30;AC31;05510804;1;4723484;20240223061416470;R;17;18;;;;301224;20240223062009771;axifbatch;20240223062009771;axifbatch;;5;FTSC;;;;0.06;149;155;;;;;;;;;;;;;;;;;;;;;;;;;;;;;;;;;;;;;;;;;;;;;;;;;HCE5F;FC
10004452683175495525762#AC30#AC31#AC30;AC31;05510804;1;4723484;20240223061416482;L;17;18;;;;301224;20240223062009771;axifbatch;20240223062009771;axifbatch;;5;FTSC;;;;0.06;149;155;;;;;;;;;;;;;;;;;;;;;;;;;;;;;;;;;;;;;;;;;;;;;;;;;HCE5F;FC
10004452683175495525762#AC30#AC31#AC30;AC31;05510804;1;4723484;20240223061416470;R;18;;;;;301224;20240223062009771;axifbatch;20240223062009771;axifbatch;;5;FTSC;;;;0.00;156;157;162;;;;;;;;;;;;;;;;;;;;;;;;;;;;;;;;;;;;;;;;;;;;;;;;;
10004452683175495525762#AC30#AC31#AC30;AC31;05510804;1;4723484;20240223061416482;L;18;;;;;301224;20240223062009771;axifbatch;20240223062009771;axifbatch;;5;FTSC;;;;0.00;156;157;162;;;;;;;;;;;;;;;;;;;;;;;;;;;;;;;;;;;;;;;;;;;;;;;;;
10004452683175495525762#AC30#AC31#AC30;AC31;05513301;1;4725156;20240223061418514;R;17;18;;;;318175;20240223062009771;axifbatch;20240223062009771;axifbatch;;1;HOYA;;;;0.12;149;155;;;;;;;;;;;;;;;;;;;;;;;;;;;;;;;;;;;;;;;;;;;;;;;;;DHC50S;UVC
10004452683175495525762#AC30#AC31#AC30;AC31;05513301;1;4725156;20240223061418526;L;17;18;;;;318175;20240223062009771;axifbatch;20240223062009771;axifbatch;;1;HOYA;;;;0.12;149;155;;;;;;;;;;;;;;;;;;;;;;;;;;;;;;;;;;;;;;;;;;;;;;;;;DHC50S;UVC
10004452683175495525762#AC30#AC31#AC30;AC31;05513301;1;4725156;20240223061418514;R;18;;;;;318175;20240223062009771;axifbatch;20240223062009771;axifbatch;;1;HOYA;;;;0.00;156;157;162;;;;;;;;;;;;;;;;;;;;;;;;;;;;;;;;;;;;;;;;;;;;;;;;;
10004452683175495525762#AC30#AC31#AC30;AC31;05513301;1;4725156;20240223061418526;L;18;;;;;318175;20240223062009771;axifbatch;20240223062009771;axifbatch;;1;HOYA;;;;0.00;156;157;162;;;;;;;;;;;;;;;;;;;;;;;;;;;;;;;;;;;;;;;;;;;;;;;;;
10004452683175495525762#AC30#AC31#AC30;AC31;05511065;1;4723609;20240223061047833;R;14;17;;;;302489;20240223062009771;axifbatch;20240223062009771;axifbatch;;5;FTSC;;;;2.59;123;131;;;;;;;;;;;;;;;;;;;;;;;;;;;;;;;;;;;;;;;;;;;;;;;;;DHC50S;UVC
10004452683175495525762#AC30#AC31#AC30;AC31;05511065;1;4723609;20240223061047833;L;14;17;;;;302489;20240223062009771;axifbatch;20240223062009771;axifbatch;;5;FTSC;;;;2.59;123;131;;;;;;;;;;;;;;;;;;;;;;;;;;;;;;;;;;;;;;;;;;;;;;;;;DHC50S;UVC
10004452683175495525762#AC30#AC31#AC30;AC31;05511065;1;4723609;20240223061421959;R;17;18;;;;302489;20240223062009771;axifbatch;20240223062009771;axifbatch;;5;FTSC;;;;0.06;149;155;;;;;;;;;;;;;;;;;;;;;;;;;;;;;;;;;;;;;;;;;;;;;;;;;DHC50S;UVC
10004452683175495525762#AC30#AC31#AC30;AC31;05511065;1;4723609;20240223061421971;L;17;18;;;;302489;20240223062009771;axifbatch;20240223062009771;axifbatch;;5;FTSC;;;;0.06;149;155;;;;;;;;;;;;;;;;;;;;;;;;;;;;;;;;;;;;;;;;;;;;;;;;;DHC50S;UVC
10004452683175495525762#AC30#AC31#AC30;AC31;05511065;1;4723609;20240223061421959;R;18;;;;;302489;20240223062009771;axifbatch;20240223062009771;axifbatch;;5;FTSC;;;;0.00;156;157;162;;;;;;;;;;;;;;;;;;;;;;;;;;;;;;;;;;;;;;;;;;;;;;;;;
10004452683175495525762#AC30#AC31#AC30;AC31;05511065;1;4723609;20240223061421971;L;18;;;;;302489;20240223062009771;axifbatch;20240223062009771;axifbatch;;5;FTSC;;;;0.00;156;157;162;;;;;;;;;;;;;;;;;;;;;;;;;;;;;;;;;;;;;;;;;;;;;;;;;
10004452683175495525762#AC30#AC31#AC30;AC31;05513455;1;4725265;20240223061251702;R;7;4;109;7;;319264;20240223062009771;axifbatch;20240223062009771;axifbatch;9;1;HOYA;1002;HSC Smart XP;Surface-FFS;2.15;44;48;;;;;;;;;;;;;;;;;;;;;;;;;;;;;;;;;;;;;;;;;;;;;;;;;THD5F;FC
10004452683175495525762#AC30#AC31#AC30;AC31;05513455;1;4725265;20240223061251702;L;7;4;109;7;;319264;20240223062009771;axifbatch;20240223062009771;axifbatch;9;1;HOYA;1002;HSC Smart XP;Surface-FFS;2.15;44;48;;;;;;;;;;;;;;;;;;;;;;;;;;;;;;;;;;;;;;;;;;;;;;;;;THD5F;FC
10004452683175495525762#AC30#AC31#AC30;AC31;05513347;1;4725195;20240223061319447;R;10;11;;;476638;318560;20240223062009771;axifbatch;20240223062009771;axifbatch;;1;HOYA;;;;1.24;75;83;;;;;;;;;;;;;;;;;;;;;;;;;;;;;;;;;;;;;;;;;;;;;;;;;HCE5F;FC
10004452683175495525762#AC30#AC31#AC30;AC31;05513347;1;4725195;20240223061319447;L;10;11;;;476638;318560;20240223062009771;axifbatch;20240223062009771;axifbatch;;1;HOYA;;;;1.24;75;83;;;;;;;;;;;;;;;;;;;;;;;;;;;;;;;;;;;;;;;;;;;;;;;;;HCE5F;FC
10004452683175495525762#AC30#AC31#AC30;AC31;05513204;1;4725089;20240223061319447;R;10;11;;;476638;317504;20240223062009771;axifbatch;20240223062009771;axifbatch;;1;HOYA;;;;1.24;75;83;;;;;;;;;;;;;;;;;;;;;;;;;;;;;;;;;;;;;;;;;;;;;;;;;HCE5F;UVC
10004452683175495525762#AC30#AC31#AC30;AC31;05513204;1;4725089;20240223061319447;L;10;11;;;476638;317504;20240223062009771;axifbatch;20240223062009771;axifbatch;;1;HOYA;;;;1.24;75;83;;;;;;;;;;;;;;;;;;;;;;;;;;;;;;;;;;;;;;;;;;;;;;;;;HCE5F;UVC
10004452683175495525762#AC30#AC31#AC30;AC31;05513339;1;4725187;20240223061319447;R;10;11;;;476638;318483;20240223062009771;axifbatch;20240223062009771;axifbatch;;1;HOYA;;;;1.24;75;83;;;;;;;;;;;;;;;;;;;;;;;;;;;;;;;;;;;;;;;;;;;;;;;;;HCE5F;UVC
10004452683175495525762#AC30#AC31#AC30;AC31;05513339;1;4725187;20240223061319447;L;10;11;;;476638;318483;20240223062009771;axifbatch;20240223062009771;axifbatch;;1;HOYA;;;;1.24;75;83;;;;;;;;;;;;;;;;;;;;;;;;;;;;;;;;;;;;;;;;;;;;;;;;;HCE5F;UVC
10004452683175495525762#AC30#AC31#AC30;AC31;05512121;1;4724359;20240223061322882;R;14;17;;;;310080;20240223062009771;axifbatch;20240223062009771;axifbatch;;1;HOYA;;;;2.45;123;125;126;131;;;;;;;;;;;;;;;;;;;;;;;;;;;;;;;;;;;;;;;;;;;;;;;THD5F;UVC
10004452683175495525762#AC30#AC31#AC30;AC31;05512121;1;4724359;20240223061322882;L;14;17;;;;310080;20240223062009771;axifbatch;20240223062009771;axifbatch;;1;HOYA;;;;2.45;123;125;126;131;;;;;;;;;;;;;;;;;;;;;;;;;;;;;;;;;;;;;;;;;;;;;;;THD5F;UVC
10004452683175495525762#AC30#AC31#AC30;AC31;05510312;1;4723136;20240223061049017;R;14;17;;;;297704;20240223062009771;axifbatch;20240223062009771;axifbatch;;5;FTSC;;;;2.57;123;131;;;;;;;;;;;;;;;;;;;;;;;;;;;;;;;;;;;;;;;;;;;;;;;;;DHC50S;UVC
10004452683175495525762#AC30#AC31#AC30;AC31;05510312;1;4723136;20240223061049017;L;14;17;;;;297704;20240223062009771;axifbatch;20240223062009771;axifbatch;;5;FTSC;;;;2.57;123;131;;;;;;;;;;;;;;;;;;;;;;;;;;;;;;;;;;;;;;;;;;;;;;;;;DHC50S;UVC
10004452683175495525762#AC30#AC31#AC30;AC31;05510312;1;4723136;20240223061427433;R;17;18;;;;297704;20240223062009771;axifbatch;20240223062009771;axifbatch;;5;FTSC;;;;0.07;149;155;;;;;;;;;;;;;;;;;;;;;;;;;;;;;;;;;;;;;;;;;;;;;;;;;DHC50S;UVC
10004452683175495525762#AC30#AC31#AC30;AC31;05510312;1;4723136;20240223061427445;L;17;18;;;;297704;20240223062009771;axifbatch;20240223062009771;axifbatch;;5;FTSC;;;;0.07;149;155;;;;;;;;;;;;;;;;;;;;;;;;;;;;;;;;;;;;;;;;;;;;;;;;;DHC50S;UVC
10004452683175495525762#AC30#AC31#AC30;AC31;05510312;1;4723136;20240223061427433;R;18;;;;;297704;20240223062009771;axifbatch;20240223062009771;axifbatch;;5;FTSC;;;;0.00;156;157;162;;;;;;;;;;;;;;;;;;;;;;;;;;;;;;;;;;;;;;;;;;;;;;;;;
10004452683175495525762#AC30#AC31#AC30;AC31;05510312;1;4723136;20240223061427445;L;18;;;;;297704;20240223062009771;axifbatch;20240223062009771;axifbatch;;5;FTSC;;;;0.00;156;157;162;;;;;;;;;;;;;;;;;;;;;;;;;;;;;;;;;;;;;;;;;;;;;;;;;
10004452683175495525762#AC30#AC31#AC30;AC31;05512557;1;4724651;20240223061428566;R;17;18;;;;313049;20240223062009771;axifbatch;20240223062009771;axifbatch;;1;HOYA;;;;0.13;149;155;;;;;;;;;;;;;;;;;;;;;;;;;;;;;;;;;;;;;;;;;;;;;;;;;HC60S;VP
10004452683175495525762#AC30#AC31#AC30;AC31;05512557;1;4724651;20240223061428578;L;17;18;;;;313049;20240223062009771;axifbatch;20240223062009771;axifbatch;;1;HOYA;;;;0.13;149;155;;;;;;;;;;;;;;;;;;;;;;;;;;;;;;;;;;;;;;;;;;;;;;;;;HC60S;VP
10004452683175495525762#AC30#AC31#AC30;AC31;05512557;1;4724651;20240223061428566;R;18;;;;;313049;20240223062009771;axifbatch;20240223062009771;axifbatch;;1;HOYA;;;;0.00;156;157;162;;;;;;;;;;;;;;;;;;;;;;;;;;;;;;;;;;;;;;;;;;;;;;;;;
10004452683175495525762#AC30#AC31#AC30;AC31;05512557;1;4724651;20240223061428578;L;18;;;;;313049;20240223062009771;axifbatch;20240223062009771;axifbatch;;1;HOYA;;;;0.00;156;157;162;;;;;;;;;;;;;;;;;;;;;;;;;;;;;;;;;;;;;;;;;;;;;;;;;
10004452683175495525762#AC30#AC31#AC30;AC31;05509929;1;4722878;20240223061049880;R;14;17;;;;295120;20240223062009771;axifbatch;20240223062009771;axifbatch;;5;FTSC;;;;3.44;123;131;;;;;;;;;;;;;;;;;;;;;;;;;;;;;;;;;;;;;;;;;;;;;;;;;DHC50S;FC
10004452683175495525762#AC30#AC31#AC30;AC31;05509929;1;4722878;20240223061049880;L;14;17;;;;295120;20240223062009771;axifbatch;20240223062009771;axifbatch;;5;FTSC;;;;3.44;123;131;;;;;;;;;;;;;;;;;;;;;;;;;;;;;;;;;;;;;;;;;;;;;;;;;DHC50S;FC
10004452683175495525762#AC30#AC31#AC30;AC31;05509929;1;4722878;20240223061433031;R;17;18;;;;295120;20240223062009771;axifbatch;20240223062009771;axifbatch;;5;FTSC;;;;0.07;149;155;;;;;;;;;;;;;;;;;;;;;;;;;;;;;;;;;;;;;;;;;;;;;;;;;DHC50S;FC
10004452683175495525762#AC30#AC31#AC30;AC31;05509929;1;4722878;20240223061433043;L;17;18;;;;295120;20240223062009771;axifbatch;20240223062009771;axifbatch;;5;FTSC;;;;0.07;149;155;;;;;;;;;;;;;;;;;;;;;;;;;;;;;;;;;;;;;;;;;;;;;;;;;DHC50S;FC
10004452683175495525762#AC30#AC31#AC30;AC31;05509929;1;4722878;20240223061433031;R;18;;;;;295120;20240223062009771;axifbatch;20240223062009771;axifbatch;;5;FTSC;;;;0.00;156;157;162;;;;;;;;;;;;;;;;;;;;;;;;;;;;;;;;;;;;;;;;;;;;;;;;;
10004452683175495525762#AC30#AC31#AC30;AC31;05509929;1;4722878;20240223061433043;L;18;;;;;295120;20240223062009771;axifbatch;20240223062009771;axifbatch;;5;FTSC;;;;0.00;156;157;162;;;;;;;;;;;;;;;;;;;;;;;;;;;;;;;;;;;;;;;;;;;;;;;;;
10004452683175495525762#AC30#AC31#AC30;AC31;05510779;1;4723462;20240223061051174;R;14;17;;;;301004;20240223062009771;axifbatch;20240223062009771;axifbatch;;5;FTSC;;;;2.59;123;131;;;;;;;;;;;;;;;;;;;;;;;;;;;;;;;;;;;;;;;;;;;;;;;;;DHC50S;FC
10004452683175495525762#AC30#AC31#AC30;AC31;05510779;1;4723462;20240223061051174;L;14;17;;;;301004;20240223062009771;axifbatch;20240223062009771;axifbatch;;5;FTSC;;;;2.59;123;131;;;;;;;;;;;;;;;;;;;;;;;;;;;;;;;;;;;;;;;;;;;;;;;;;DHC50S;FC
10004452683175495525762#AC30#AC31#AC30;AC31;05510779;1;4723462;20240223061438553;R;17;18;;;;301004;20240223062009771;axifbatch;20240223062009771;axifbatch;;5;FTSC;;;;0.07;149;155;;;;;;;;;;;;;;;;;;;;;;;;;;;;;;;;;;;;;;;;;;;;;;;;;DHC50S;FC
10004452683175495525762#AC30#AC31#AC30;AC31;05510779;1;4723462;20240223061438565;L;17;18;;;;301004;20240223062009771;axifbatch;20240223062009771;axifbatch;;5;FTSC;;;;0.07;149;155;;;;;;;;;;;;;;;;;;;;;;;;;;;;;;;;;;;;;;;;;;;;;;;;;DHC50S;FC
10004452683175495525762#AC30#AC31#AC30;AC31;05510779;1;4723462;20240223061438553;R;18;;;;;301004;20240223062009771;axifbatch;20240223062009771;axifbatch;;5;FTSC;;;;0.00;156;157;162;;;;;;;;;;;;;;;;;;;;;;;;;;;;;;;;;;;;;;;;;;;;;;;;;
10004452683175495525762#AC30#AC31#AC30;AC31;05510779;1;4723462;20240223061438565;L;18;;;;;301004;20240223062009771;axifbatch;20240223062009771;axifbatch;;5;FTSC;;;;0.00;156;157;162;;;;;;;;;;;;;;;;;;;;;;;;;;;;;;;;;;;;;;;;;;;;;;;;;
10004452683175495525762#AC30#AC31#AC30;AC31;05511431;1;4723872;20240223061438630;R;17;18;;;;305130;20240223062009771;axifbatch;20240223062009771;axifbatch;;1;HOYA;;;;0.13;149;155;;;;;;;;;;;;;;;;;;;;;;;;;;;;;;;;;;;;;;;;;;;;;;;;;DHC50S;UVC
10004452683175495525762#AC30#AC31#AC30;AC31;05511431;1;4723872;20240223061438642;L;17;18;;;;305130;20240223062009771;axifbatch;20240223062009771;axifbatch;;1;HOYA;;;;0.13;149;155;;;;;;;;;;;;;;;;;;;;;;;;;;;;;;;;;;;;;;;;;;;;;;;;;DHC50S;UVC
10004452683175495525762#AC30#AC31#AC30;AC31;05511431;1;4723872;20240223061438630;R;18;;;;;305130;20240223062009771;axifbatch;20240223062009771;axifbatch;;1;HOYA;;;;0.00;156;157;162;;;;;;;;;;;;;;;;;;;;;;;;;;;;;;;;;;;;;;;;;;;;;;;;;
10004452683175495525762#AC30#AC31#AC30;AC31;05511431;1;4723872;20240223061438642;L;18;;;;;305130;20240223062009771;axifbatch;20240223062009771;axifbatch;;1;HOYA;;;;0.00;156;157;162;;;;;;;;;;;;;;;;;;;;;;;;;;;;;;;;;;;;;;;;;;;;;;;;;
10004452683175495525762#AC30#AC31#AC30;AC31;05510865;1;4723497;20240223061052603;R;14;17;;;;301356;20240223062009771;axifbatch;20240223062009771;axifbatch;;5;FTSC;;;;3.44;123;131;;;;;;;;;;;;;;;;;;;;;;;;;;;;;;;;;;;;;;;;;;;;;;;;;DHC50S;UVC
10004452683175495525762#AC30#AC31#AC30;AC31;05510865;1;4723497;20240223061052603;L;14;17;;;;301356;20240223062009771;axifbatch;20240223062009771;axifbatch;;5;FTSC;;;;3.44;123;131;;;;;;;;;;;;;;;;;;;;;;;;;;;;;;;;;;;;;;;;;;;;;;;;;DHC50S;UVC
10004452683175495525762#AC30#AC31#AC30;AC31;05510865;1;4723497;20240223061444016;R;17;18;;;;301356;20240223062009771;axifbatch;20240223062009771;axifbatch;;5;FTSC;;;;0.07;149;155;;;;;;;;;;;;;;;;;;;;;;;;;;;;;;;;;;;;;;;;;;;;;;;;;DHC50S;UVC
10004452683175495525762#AC30#AC31#AC30;AC31;05510865;1;4723497;20240223061444028;L;17;18;;;;301356;20240223062009771;axifbatch;20240223062009771;axifbatch;;5;FTSC;;;;0.07;149;155;;;;;;;;;;;;;;;;;;;;;;;;;;;;;;;;;;;;;;;;;;;;;;;;;DHC50S;UVC
10004452683175495525762#AC30#AC31#AC30;AC31;05510865;1;4723497;20240223061444016;R;18;;;;;301356;20240223062009771;axifbatch;20240223062009771;axifbatch;;5;FTSC;;;;0.00;156;157;162;;;;;;;;;;;;;;;;;;;;;;;;;;;;;;;;;;;;;;;;;;;;;;;;;
10004452683175495525762#AC30#AC31#AC30;AC31;05510865;1;4723497;20240223061444028;L;18;;;;;301356;20240223062009771;axifbatch;20240223062009771;axifbatch;;5;FTSC;;;;0.00;156;157;162;;;;;;;;;;;;;;;;;;;;;;;;;;;;;;;;;;;;;;;;;;;;;;;;;
10004452683175495525762#AC30#AC31#AC30;AC31;05510966;1;4723554;20240223061448627;R;17;18;;;;301928;20240223062009771;axifbatch;20240223062009771;axifbatch;;1;HOYA;;;;0.13;149;155;;;;;;;;;;;;;;;;;;;;;;;;;;;;;;;;;;;;;;;;;;;;;;;;;THD5F;UVC
10004452683175495525762#AC30#AC31#AC30;AC31;05510966;1;4723554;20240223061448639;L;17;18;;;;301928;20240223062009771;axifbatch;20240223062009771;axifbatch;;1;HOYA;;;;0.13;149;155;;;;;;;;;;;;;;;;;;;;;;;;;;;;;;;;;;;;;;;;;;;;;;;;;THD5F;UVC
10004452683175495525762#AC30#AC31#AC30;AC31;05510966;1;4723554;20240223061448627;R;18;;;;;301928;20240223062009771;axifbatch;20240223062009771;axifbatch;;1;HOYA;;;;0.00;156;157;162;;;;;;;;;;;;;;;;;;;;;;;;;;;;;;;;;;;;;;;;;;;;;;;;;
10004452683175495525762#AC30#AC31#AC30;AC31;05510966;1;4723554;20240223061448639;L;18;;;;;301928;20240223062009771;axifbatch;20240223062009771;axifbatch;;1;HOYA;;;;0.00;156;157;162;;;;;;;;;;;;;;;;;;;;;;;;;;;;;;;;;;;;;;;;;;;;;;;;;
10004452683175495525762#AC30#AC31#AC30;AC31;05510284;1;4723121;20240223061055466;R;14;17;;;;297550;20240223062009771;axifbatch;20240223062009771;axifbatch;;5;FTSC;;;;3.42;123;131;;;;;;;;;;;;;;;;;;;;;;;;;;;;;;;;;;;;;;;;;;;;;;;;;DHC50S;FC
10004452683175495525762#AC30#AC31#AC30;AC31;05510284;1;4723121;20240223061055466;L;14;17;;;;297550;20240223062009771;axifbatch;20240223062009771;axifbatch;;5;FTSC;;;;3.42;123;131;;;;;;;;;;;;;;;;;;;;;;;;;;;;;;;;;;;;;;;;;;;;;;;;;DHC50S;FC
10004452683175495525762#AC30#AC31#AC30;AC31;05510284;1;4723121;20240223061449508;R;17;18;;;;297550;20240223062009771;axifbatch;20240223062009771;axifbatch;;5;FTSC;;;;0.07;149;155;;;;;;;;;;;;;;;;;;;;;;;;;;;;;;;;;;;;;;;;;;;;;;;;;DHC50S;FC
10004452683175495525762#AC30#AC31#AC30;AC31;05510284;1;4723121;20240223061449520;L;17;18;;;;297550;20240223062009771;axifbatch;20240223062009771;axifbatch;;5;FTSC;;;;0.07;149;155;;;;;;;;;;;;;;;;;;;;;;;;;;;;;;;;;;;;;;;;;;;;;;;;;DHC50S;FC
10004452683175495525762#AC30#AC31#AC30;AC31;05510284;1;4723121;20240223061449508;R;18;;;;;297550;20240223062009771;axifbatch;20240223062009771;axifbatch;;5;FTSC;;;;0.00;156;157;162;;;;;;;;;;;;;;;;;;;;;;;;;;;;;;;;;;;;;;;;;;;;;;;;;
10004452683175495525762#AC30#AC31#AC30;AC31;05510284;1;4723121;20240223061449520;L;18;;;;;297550;20240223062009771;axifbatch;20240223062009771;axifbatch;;5;FTSC;;;;0.00;156;157;162;;;;;;;;;;;;;;;;;;;;;;;;;;;;;;;;;;;;;;;;;;;;;;;;;
10004452683175495525762#AC30#AC31#AC30;AC31;05510551;1;4723315;20240223061031442;R;14;17;;;;299519;20240223062009771;axifbatch;20240223062009771;axifbatch;;5;FTSC;;;;3.43;123;131;;;;;;;;;;;;;;;;;;;;;;;;;;;;;;;;;;;;;;;;;;;;;;;;;HCE5F;FC
10004452683175495525762#AC30#AC31#AC30;AC31;05510551;1;4723315;20240223061031442;L;14;17;;;;299519;20240223062009771;axifbatch;20240223062009771;axifbatch;;5;FTSC;;;;3.43;123;131;;;;;;;;;;;;;;;;;;;;;;;;;;;;;;;;;;;;;;;;;;;;;;;;;HCE5F;FC
10004452683175495525762#AC30#AC31#AC30;AC31;05510551;1;4723315;20240223061454927;R;17;18;;;;299519;20240223062009771;axifbatch;20240223062009771;axifbatch;;5;FTSC;;;;0.08;149;155;;;;;;;;;;;;;;;;;;;;;;;;;;;;;;;;;;;;;;;;;;;;;;;;;HCE5F;FC
10004452683175495525762#AC30#AC31#AC30;AC31;05510551;1;4723315;20240223061454939;L;17;18;;;;299519;20240223062009771;axifbatch;20240223062009771;axifbatch;;5;FTSC;;;;0.08;149;155;;;;;;;;;;;;;;;;;;;;;;;;;;;;;;;;;;;;;;;;;;;;;;;;;HCE5F;FC
10004452683175495525762#AC30#AC31#AC30;AC31;05510551;1;4723315;20240223061454927;R;18;;;;;299519;20240223062009771;axifbatch;20240223062009771;axifbatch;;5;FTSC;;;;0.00;156;157;162;;;;;;;;;;;;;;;;;;;;;;;;;;;;;;;;;;;;;;;;;;;;;;;;;
10004452683175495525762#AC30#AC31#AC30;AC31;05510551;1;4723315;20240223061454939;L;18;;;;;299519;20240223062009771;axifbatch;20240223062009771;axifbatch;;5;FTSC;;;;0.00;156;157;162;;;;;;;;;;;;;;;;;;;;;;;;;;;;;;;;;;;;;;;;;;;;;;;;;
10004452683175495525762#AC30#AC31#AC30;AC31;05511960;1;4724231;20240223061327460;R;14;17;;;;308770;20240223062009771;axifbatch;20240223062009771;axifbatch;;1;HOYA;;;;3.72;123;125;126;131;;;;;;;;;;;;;;;;;;;;;;;;;;;;;;;;;;;;;;;;;;;;;;;HCE5F;UVC
10004452683175495525762#AC30#AC31#AC30;AC31;05511960;1;4724231;20240223061327460;L;14;17;;;;308770;20240223062009771;axifbatch;20240223062009771;axifbatch;;1;HOYA;;;;3.72;123;125;126;131;;;;;;;;;;;;;;;;;;;;;;;;;;;;;;;;;;;;;;;;;;;;;;;HCE5F;UVC
10004452683175495525762#AC30#AC31#AC30;AC31;05510641;1;4723373;20240223061428688;R;14;17;;;;300113;20240223062009771;axifbatch;20240223062009771;axifbatch;;5;FTSC;;;;2.65;123;131;;;;;;;;;;;;;;;;;;;;;;;;;;;;;;;;;;;;;;;;;;;;;;;;;;
10004452683175495525762#AC30#AC31#AC30;AC31;05510641;1;4723373;20240223061428688;L;14;17;;;;300113;20240223062009771;axifbatch;20240223062009771;axifbatch;;5;FTSC;;;;2.65;123;131;;;;;;;;;;;;;;;;;;;;;;;;;;;;;;;;;;;;;;;;;;;;;;;;;;
10004452683175495525762#AC30#AC31#AC30;AC31;05509056;1;4722144;20240223061429667;R;14;17;;;;287661;20240223062009771;axifbatch;20240223062009771;axifbatch;;5;FTSC;;;;5.21;123;131;;;;;;;;;;;;;;;;;;;;;;;;;;;;;;;;;;;;;;;;;;;;;;;;;DHC50S;UVC
10004452683175495525762#AC30#AC31#AC30;AC31;05509056;1;4722144;20240223061429667;L;14;17;;;;287661;20240223062009771;axifbatch;20240223062009771;axifbatch;;5;FTSC;;;;5.21;123;131;;;;;;;;;;;;;;;;;;;;;;;;;;;;;;;;;;;;;;;;;;;;;;;;;DHC50S;UVC
10004452683175495525762#AC30#AC31#AC30;AC31;05509364;1;4722392;20240223061430658;R;14;17;;;;290170;20240223062009771;axifbatch;20240223062009771;axifbatch;;5;FTSC;;;;5.22;123;131;;;;;;;;;;;;;;;;;;;;;;;;;;;;;;;;;;;;;;;;;;;;;;;;;DHC50S;UVC
10004452683175495525762#AC30#AC31#AC30;AC31;05509364;1;4722392;20240223061430658;L;14;17;;;;290170;20240223062009771;axifbatch;20240223062009771;axifbatch;;5;FTSC;;;;5.22;123;131;;;;;;;;;;;;;;;;;;;;;;;;;;;;;;;;;;;;;;;;;;;;;;;;;DHC50S;UVC
10004452683175495525762#AC30#AC31#AC30;AC31;05508252;1;4721728;20240223061431723;R;14;17;;;;283470;20240223062009771;axifbatch;20240223062009771;axifbatch;;5;FTSC;;;;5.21;123;131;;;;;;;;;;;;;;;;;;;;;;;;;;;;;;;;;;;;;;;;;;;;;;;;;DHC50S;FC
10004452683175495525762#AC30#AC31#AC30;AC31;05508252;1;4721728;20240223061431723;L;14;17;;;;283470;20240223062009771;axifbatch;20240223062009771;axifbatch;;5;FTSC;;;;5.21;123;131;;;;;;;;;;;;;;;;;;;;;;;;;;;;;;;;;;;;;;;;;;;;;;;;;DHC50S;FC
10004452683175495525762#AC30#AC31#AC30;AC31;05511217;1;4723733;20240223061432706;R;14;17;;;;303732;20240223062009771;axifbatch;20240223062009771;axifbatch;;5;FTSC;;;;5.23;123;131;;;;;;;;;;;;;;;;;;;;;;;;;;;;;;;;;;;;;;;;;;;;;;;;;THD5F;UVC
10004452683175495525762#AC30#AC31#AC30;AC31;05511217;1;4723733;20240223061432706;L;14;17;;;;303732;20240223062009771;axifbatch;20240223062009771;axifbatch;;5;FTSC;;;;5.23;123;131;;;;;;;;;;;;;;;;;;;;;;;;;;;;;;;;;;;;;;;;;;;;;;;;;THD5F;UVC
10004452683175495525762#AC30#AC31#AC30;AC31;05511797;1;4724152;20240223061433465;R;14;17;;;;307978;20240223062009771;axifbatch;20240223062009771;axifbatch;;5;FTSC;;;;5.22;123;131;;;;;;;;;;;;;;;;;;;;;;;;;;;;;;;;;;;;;;;;;;;;;;;;;HCE5F;UVC
10004452683175495525762#AC30#AC31#AC30;AC31;05511797;1;4724152;20240223061433465;L;14;17;;;;307978;20240223062009771;axifbatch;20240223062009771;axifbatch;;5;FTSC;;;;5.22;123;131;;;;;;;;;;;;;;;;;;;;;;;;;;;;;;;;;;;;;;;;;;;;;;;;;HCE5F;UVC
10004452683175495525762#AC30#AC31#AC30;AC31;05510344;1;4723161;20240223061434239;R;14;17;;;;297957;20240223062009771;axifbatch;20240223062009771;axifbatch;;5;FTSC;;;;5.22;123;131;;;;;;;;;;;;;;;;;;;;;;;;;;;;;;;;;;;;;;;;;;;;;;;;;HCE5F;UVC
10004452683175495525762#AC30#AC31#AC30;AC31;05510344;1;4723161;20240223061434239;L;14;17;;;;297957;20240223062009771;axifbatch;20240223062009771;axifbatch;;5;FTSC;;;;5.22;123;131;;;;;;;;;;;;;;;;;;;;;;;;;;;;;;;;;;;;;;;;;;;;;;;;;HCE5F;UVC
10004452683175495525762#AC30#AC31#AC30;AC31;05511290;1;4723794;20240223061436034;R;14;17;;;;304348;20240223062009771;axifbatch;20240223062009771;axifbatch;;5;FTSC;;;;5.23;123;131;;;;;;;;;;;;;;;;;;;;;;;;;;;;;;;;;;;;;;;;;;;;;;;;;THD5F;UVC
10004452683175495525762#AC30#AC31#AC30;AC31;05511290;1;4723794;20240223061436034;L;14;17;;;;304348;20240223062009771;axifbatch;20240223062009771;axifbatch;;5;FTSC;;;;5.23;123;131;;;;;;;;;;;;;;;;;;;;;;;;;;;;;;;;;;;;;;;;;;;;;;;;;THD5F;UVC
10004452683175495525762#AC30#AC31#AC30;AC31;05511645;1;4724042;20240223061437226;R;14;17;;;;306867;20240223062009771;axifbatch;20240223062009771;axifbatch;;5;FTSC;;;;5.22;123;131;;;;;;;;;;;;;;;;;;;;;;;;;;;;;;;;;;;;;;;;;;;;;;;;;HCE5F;UVC
10004452683175495525762#AC30#AC31#AC30;AC31;05511645;1;4724042;20240223061437226;L;14;17;;;;306867;20240223062009771;axifbatch;20240223062009771;axifbatch;;5;FTSC;;;;5.22;123;131;;;;;;;;;;;;;;;;;;;;;;;;;;;;;;;;;;;;;;;;;;;;;;;;;HCE5F;UVC
10004452683175495525762#AC30#AC31#AC30;AC31;05508837;1;4722070;20240223061438689;R;14;17;;;;286924;20240223062009771;axifbatch;20240223062009771;axifbatch;;5;FTSC;;;;5.22;123;131;;;;;;;;;;;;;;;;;;;;;;;;;;;;;;;;;;;;;;;;;;;;;;;;;DHC50S;UVC
10004452683175495525762#AC30#AC31#AC30;AC31;05508837;1;4722070;20240223061438689;L;14;17;;;;286924;20240223062009771;axifbatch;20240223062009771;axifbatch;;5;FTSC;;;;5.22;123;131;;;;;;;;;;;;;;;;;;;;;;;;;;;;;;;;;;;;;;;;;;;;;;;;;DHC50S;UVC
10004452683175495525762#AC30#AC31#AC30;AC31;05511587;1;4724000;20240223061439980;R;14;17;;;;306449;20240223062009771;axifbatch;20240223062009771;axifbatch;;5;FTSC;;;;5.22;123;131;;;;;;;;;;;;;;;;;;;;;;;;;;;;;;;;;;;;;;;;;;;;;;;;;HCE5F;UVC
10004452683175495525762#AC30#AC31#AC30;AC31;05511587;1;4724000;20240223061439980;L;14;17;;;;306449;20240223062009771;axifbatch;20240223062009771;axifbatch;;5;FTSC;;;;5.22;123;131;;;;;;;;;;;;;;;;;;;;;;;;;;;;;;;;;;;;;;;;;;;;;;;;;HCE5F;UVC
10004452683175495525762#AC30#AC31#AC30;AC31;05513369;1;4725214;20240223061818613;R;14;17;;;;318758;20240223062009771;axifbatch;20240223062009771;axifbatch;;1;HOYA;;;;3.13;123;131;;;;;;;;;;;;;;;;;;;;;;;;;;;;;;;;;;;;;;;;;;;;;;;;;HC60S;VP
10004452683175495525762#AC30#AC31#AC30;AC31;05513369;1;4725214;20240223061818613;L;14;17;;;;318758;20240223062009771;axifbatch;20240223062009771;axifbatch;;1;HOYA;;;;3.13;123;131;;;;;;;;;;;;;;;;;;;;;;;;;;;;;;;;;;;;;;;;;;;;;;;;;HC60S;VP
10004452683175495525762#AC30#AC31#AC30;AC31;05513367;1;4725212;20240223061819331;R;14;17;;;;318736;20240223062009771;axifbatch;20240223062009771;axifbatch;;1;HOYA;;;;3.13;123;131;;;;;;;;;;;;;;;;;;;;;;;;;;;;;;;;;;;;;;;;;;;;;;;;;HC50S;VP
10004452683175495525762#AC30#AC31#AC30;AC31;05513367;1;4725212;20240223061819331;L;14;17;;;;318736;20240223062009771;axifbatch;20240223062009771;axifbatch;;1;HOYA;;;;3.13;123;131;;;;;;;;;;;;;;;;;;;;;;;;;;;;;;;;;;;;;;;;;;;;;;;;;HC50S;VP
10004452683175495525762#AC30#AC31#AC30;AC31;05511803;1;4724155;20240223061820083;R;14;17;;;;308000;20240223062009771;axifbatch;20240223062009771;axifbatch;;1;HOYA;;;;3.16;123;131;;;;;;;;;;;;;;;;;;;;;;;;;;;;;;;;;;;;;;;;;;;;;;;;;DHC50S;FC
10004452683175495525762#AC30#AC31#AC30;AC31;05511803;1;4724155;20240223061820083;L;14;17;;;;308000;20240223062009771;axifbatch;20240223062009771;axifbatch;;1;HOYA;;;;3.16;123;131;;;;;;;;;;;;;;;;;;;;;;;;;;;;;;;;;;;;;;;;;;;;;;;;;DHC50S;FC
10004452683175495525762#AC30#AC31#AC30;AC31;05508795;1;4722050;20240223061820801;R;14;17;;;;286726;20240223062009771;axifbatch;20240223062009771;axifbatch;;1;HOYA;;;;20.60;123;131;;;;;;;;;;;;;;;;;;;;;;;;;;;;;;;;;;;;;;;;;;;;;;;;;DHC50S;UVC
10004452683175495525762#AC30#AC31#AC30;AC31;05508795;1;4722050;20240223061820801;L;14;17;;;;286726;20240223062009771;axifbatch;20240223062009771;axifbatch;;1;HOYA;;;;20.60;123;131;;;;;;;;;;;;;;;;;;;;;;;;;;;;;;;;;;;;;;;;;;;;;;;;;DHC50S;UVC
10004452683175495525762#AC30#AC31#AC30;AC31;05511436;1;4723877;20240223061825324;R;14;17;;;;305184;20240223062009771;axifbatch;20240223062009771;axifbatch;;1;HOYA;;;;3.80;123;125;126;131;;;;;;;;;;;;;;;;;;;;;;;;;;;;;;;;;;;;;;;;;;;;;;;HCE5F;UVC
10004452683175495525762#AC30#AC31#AC30;AC31;05511436;1;4723877;20240223061825324;L;14;17;;;;305184;20240223062009771;axifbatch;20240223062009771;axifbatch;;1;HOYA;;;;3.80;123;125;126;131;;;;;;;;;;;;;;;;;;;;;;;;;;;;;;;;;;;;;;;;;;;;;;;HCE5F;UVC
10004452683175495525762#AC30#AC31#AC30;AC31;05513348;1;4725196;20240223061329496;R;14;17;;;;318571;20240223062009771;axifbatch;20240223062009771;axifbatch;;1;HOYA;;;;3.05;123;131;;;;;;;;;;;;;;;;;;;;;;;;;;;;;;;;;;;;;;;;;;;;;;;;;THD5F;UVC
10004452683175495525762#AC30#AC31#AC30;AC31;05513348;1;4725196;20240223061329496;L;14;17;;;;318571;20240223062009771;axifbatch;20240223062009771;axifbatch;;1;HOYA;;;;3.05;123;131;;;;;;;;;;;;;;;;;;;;;;;;;;;;;;;;;;;;;;;;;;;;;;;;;THD5F;UVC
10004452683175495525762#AC30#AC31#AC30;AC31;05513348;1;4725196;20240223061934222;R;17;18;;;;318571;20240223062009771;axifbatch;20240223062009771;axifbatch;;1;HOYA;;;;0.11;149;155;;;;;;;;;;;;;;;;;;;;;;;;;;;;;;;;;;;;;;;;;;;;;;;;;THD5F;UVC
10004452683175495525762#AC30#AC31#AC30;AC31;05513348;1;4725196;20240223061934234;L;17;18;;;;318571;20240223062009771;axifbatch;20240223062009771;axifbatch;;1;HOYA;;;;0.11;149;155;;;;;;;;;;;;;;;;;;;;;;;;;;;;;;;;;;;;;;;;;;;;;;;;;THD5F;UVC
10004452683175495525762#AC30#AC31#AC30;AC31;05513348;1;4725196;20240223061934222;R;18;;;;;318571;20240223062009771;axifbatch;20240223062009771;axifbatch;;1;HOYA;;;;0.00;156;157;162;;;;;;;;;;;;;;;;;;;;;;;;;;;;;;;;;;;;;;;;;;;;;;;;;
10004452683175495525762#AC30#AC31#AC30;AC31;05513348;1;4725196;20240223061934234;L;18;;;;;318571;20240223062009771;axifbatch;20240223062009771;axifbatch;;1;HOYA;;;;0.00;156;157;162;;;;;;;;;;;;;;;;;;;;;;;;;;;;;;;;;;;;;;;;;;;;;;;;;
10004452683175495525762#AC30#AC31#AC30;AC31;05513398;1;4725235;20240223061333437;R;14;17;;;;318967;20240223062009771;axifbatch;20240223062009771;axifbatch;;1;HOYA;;;;2.94;123;125;126;131;;;;;;;;;;;;;;;;;;;;;;;;;;;;;;;;;;;;;;;;;;;;;;;DHC50S;UVC
10004452683175495525762#AC30#AC31#AC30;AC31;05513398;1;4725235;20240223061333437;L;14;17;;;;318967;20240223062009771;axifbatch;20240223062009771;axifbatch;;1;HOYA;;;;2.94;123;125;126;131;;;;;;;;;;;;;;;;;;;;;;;;;;;;;;;;;;;;;;;;;;;;;;;DHC50S;UVC
10004452683175495525762#AC30#AC31#AC30;AC31;05513398;1;4725235;20240223061944219;R;17;18;;;;318967;20240223062009771;axifbatch;20240223062009771;axifbatch;;1;HOYA;;;;0.11;149;155;;;;;;;;;;;;;;;;;;;;;;;;;;;;;;;;;;;;;;;;;;;;;;;;;DHC50S;UVC
10004452683175495525762#AC30#AC31#AC30;AC31;05513398;1;4725235;20240223061944231;L;17;18;;;;318967;20240223062009771;axifbatch;20240223062009771;axifbatch;;1;HOYA;;;;0.11;149;155;;;;;;;;;;;;;;;;;;;;;;;;;;;;;;;;;;;;;;;;;;;;;;;;;DHC50S;UVC
10004452683175495525762#AC30#AC31#AC30;AC31;05513398;1;4725235;20240223061944219;R;18;;;;;318967;20240223062009771;axifbatch;20240223062009771;axifbatch;;1;HOYA;;;;0.00;156;157;162;;;;;;;;;;;;;;;;;;;;;;;;;;;;;;;;;;;;;;;;;;;;;;;;;
10004452683175495525762#AC30#AC31#AC30;AC31;05513398;1;4725235;20240223061944231;L;18;;;;;318967;20240223062009771;axifbatch;20240223062009771;axifbatch;;1;HOYA;;;;0.00;156;157;162;;;;;;;;;;;;;;;;;;;;;;;;;;;;;;;;;;;;;;;;;;;;;;;;;
10004452683175495525762#AC30#AC31#AC30;AC31;05513391;1;4725230;20240223061334734;R;14;17;;;;318912;20240223062009771;axifbatch;20240223062009771;axifbatch;;1;HOYA;;;;3.04;123;131;;;;;;;;;;;;;;;;;;;;;;;;;;;;;;;;;;;;;;;;;;;;;;;;;;
10004452683175495525762#AC30#AC31#AC30;AC31;05513391;1;4725230;20240223061334734;L;14;17;;;;318912;20240223062009771;axifbatch;20240223062009771;axifbatch;;1;HOYA;;;;3.04;123;131;;;;;;;;;;;;;;;;;;;;;;;;;;;;;;;;;;;;;;;;;;;;;;;;;;
10004452683175495525762#AC30#AC31#AC30;AC31;05513391;1;4725230;20240223061954168;R;17;18;;;;318912;20240223062009771;axifbatch;20240223062009771;axifbatch;;1;HOYA;;;;0.11;149;155;;;;;;;;;;;;;;;;;;;;;;;;;;;;;;;;;;;;;;;;;;;;;;;;;;
10004452683175495525762#AC30#AC31#AC30;AC31;05513391;1;4725230;20240223061954180;L;17;18;;;;318912;20240223062009771;axifbatch;20240223062009771;axifbatch;;1;HOYA;;;;0.11;149;155;;;;;;;;;;;;;;;;;;;;;;;;;;;;;;;;;;;;;;;;;;;;;;;;;;
10004452683175495525762#AC30#AC31#AC30;AC31;05513391;1;4725230;20240223061954168;R;18;;;;;318912;20240223062009771;axifbatch;20240223062009771;axifbatch;;1;HOYA;;;;0.00;156;157;162;;;;;;;;;;;;;;;;;;;;;;;;;;;;;;;;;;;;;;;;;;;;;;;;;
10004452683175495525762#AC30#AC31#AC30;AC31;05513391;1;4725230;20240223061954180;L;18;;;;;318912;20240223062009771;axifbatch;20240223062009771;axifbatch;;1;HOYA;;;;0.00;156;157;162;;;;;;;;;;;;;;;;;;;;;;;;;;;;;;;;;;;;;;;;;;;;;;;;;
10004452683175495525762#AC30#AC31#AC30;AC31;05513179;1;4725067;20240223061328750;L;14;17;;;;317284;20240223062009771;axifbatch;20240223062009771;axifbatch;;1;HOYA;;;;0.01;123;131;;;;;;;;;;;;;;;;;;;;;;;;;;;;;;;;;;;;;;;;;;;;;;;;;;
10004452683175495525762#AC30#AC31#AC30;AC31;05513179;1;4725067;20240223062004167;R;17;18;;;;317284;20240223062009771;axifbatch;20240223062009771;axifbatch;;1;HOYA;;;;0.96;149;155;;;;;;;;;;;;;;;;;;;;;;;;;;;;;;;;;;;;;;;;;;;;;;;;;;
10004452683175495525762#AC30#AC31#AC30;AC31;05513179;1;4725067;20240223062004179;L;17;18;;;;317284;20240223062009771;axifbatch;20240223062009771;axifbatch;;1;HOYA;;;;0.11;149;155;;;;;;;;;;;;;;;;;;;;;;;;;;;;;;;;;;;;;;;;;;;;;;;;;;
10004452683175495525762#AC30#AC31#AC30;AC31;05513179;1;4725067;20240223062004167;R;18;;;;;317284;20240223062009771;axifbatch;20240223062009771;axifbatch;;1;HOYA;;;;0.00;156;157;162;;;;;;;;;;;;;;;;;;;;;;;;;;;;;;;;;;;;;;;;;;;;;;;;;
10004452683175495525762#AC30#AC31#AC30;AC31;05513179;1;4725067;20240223062004179;L;18;;;;;317284;20240223062009771;axifbatch;20240223062009771;axifbatch;;1;HOYA;;;;0.00;156;157;162;;;;;;;;;;;;;;;;;;;;;;;;;;;;;;;;;;;;;;;;;;;;;;;;;